<?xml version="1.0" encoding="UTF-8"?>
<project-private xmlns="http://www.netbeans.org/ns/project-private/1">
    <editor-bookmarks xmlns="http://www.netbeans.org/ns/editor-bookmarks/2" lastBookmarkId="0"/>
    <open-files xmlns="http://www.netbeans.org/ns/projectui-open-files/2">
        <group>
            <file>file:/E:/NC%20State%20Lectures/DBMS/Project_Gradiance/Gradiance/src/Progress_Report.java</file>
            <file>file:/E:/NC%20State%20Lectures/DBMS/Project_Gradiance/Gradiance/src/CourseHomePage.java</file>
            <file>file:/E:/NC%20State%20Lectures/DBMS/Project_Gradiance/Gradiance/src/Professor_AddHomeWork.java</file>
            <file>file:/E:/NC%20State%20Lectures/DBMS/Project_Gradiance/Gradiance/src/AssignmentsDue.java</file>
            <file>file:/E:/NC%20State%20Lectures/DBMS/Project_Gradiance/Gradiance/src/Course_HomePage.java</file>
            <file>file:/E:/NC%20State%20Lectures/DBMS/Project_Gradiance/Gradiance/src/Create_New_Account.java</file>
            <file>file:/E:/NC%20State%20Lectures/DBMS/Project_Gradiance/Gradiance/src/Professor_CourseHomePage.java</file>
            <file>file:/E:/NC%20State%20Lectures/DBMS/Project_Gradiance/Gradiance/src/Professor_Home.java</file>
            <file>file:/E:/NC%20State%20Lectures/DBMS/Project_Gradiance/Gradiance/src/Professor_Report.java</file>
            <file>file:/E:/NC%20State%20Lectures/DBMS/Project_Gradiance/Gradiance/src/Assignments_Due.java</file>
            <file>file:/E:/NC%20State%20Lectures/DBMS/Project_Gradiance/Gradiance/src/Gradiance.java</file>
        </group>
    </open-files>
</project-private>
